"","chbal_1","chbalni_1","scus_1","scust_1","scmuni_1","SCDOMO_1","idscod_1","scford_1","sceq_1","lnre_1","lnag_1","lnci_1","lncon_1","itrade_1","ifrepo_1","IDdepsam_1","DEPSMRA_1","IDdeplam_1","DEPLGRA_1","chbal_2","chbalni_2","scus_2","scust_2","scmuni_2","SCDOMO_2","idscod_2","scford_2","sceq_2","lnre_2","lnag_2","lnci_2","lncon_2","itrade_2","ifrepo_2","IDdepsam_2","DEPSMRA_2","IDdeplam_2","DEPLGRA_2","chbal_3","chbalni_3","scus_3","scust_3","scmuni_3","SCDOMO_3","idscod_3","scford_3","sceq_3","lnre_3","lnag_3","lnci_3","lncon_3","itrade_3","ifrepo_3","IDdepsam_3","DEPSMRA_3","IDdeplam_3","DEPLGRA_3","chbal_4","chbalni_4","scus_4","scust_4","scmuni_4","SCDOMO_4","idscod_4","scford_4","sceq_4","lnre_4","lnag_4","lnci_4","lncon_4","itrade_4","ifrepo_4","IDdepsam_4","DEPSMRA_4","IDdeplam_4","DEPLGRA_4","chbal_5","chbalni_5","scus_5","scust_5","scmuni_5","SCDOMO_5","idscod_5","scford_5","sceq_5","lnre_5","lnag_5","lnci_5","lncon_5","itrade_5","ifrepo_5","IDdepsam_5","DEPSMRA_5","IDdeplam_5","DEPLGRA_5","chbal_6","chbalni_6","scus_6","scust_6","scmuni_6","SCDOMO_6","idscod_6","scford_6","sceq_6","lnre_6","lnag_6","lnci_6","lncon_6","itrade_6","ifrepo_6","IDdepsam_6","DEPSMRA_6","IDdeplam_6","DEPLGRA_6","chbal_7","chbalni_7","scus_7","scust_7","scmuni_7","SCDOMO_7","idscod_7","scford_7","sceq_7","lnre_7","lnag_7","lnci_7","lncon_7","itrade_7","ifrepo_7","IDdepsam_7","DEPSMRA_7","IDdeplam_7","DEPLGRA_7","chbal_8","chbalni_8","scus_8","scust_8","scmuni_8","SCDOMO_8","idscod_8","scford_8","sceq_8","lnre_8","lnag_8","lnci_8","lncon_8","itrade_8","ifrepo_8","IDdepsam_8","DEPSMRA_8","IDdeplam_8","DEPLGRA_8","chbal_9","chbalni_9","scus_9","scust_9","scmuni_9","SCDOMO_9","idscod_9","scford_9","sceq_9","lnre_9","lnag_9","lnci_9","lncon_9","itrade_9","ifrepo_9","IDdepsam_9","DEPSMRA_9","IDdeplam_9","DEPLGRA_9","chbal_10","chbalni_10","scus_10","scust_10","scmuni_10","SCDOMO_10","idscod_10","scford_10","sceq_10","lnre_10","lnag_10","lnci_10","lncon_10","itrade_10","ifrepo_10","IDdepsam_10","DEPSMRA_10","IDdeplam_10","DEPLGRA_10"
"JPMorgan Chase Bank, National Association",500146000,26658000,117970000,12825000,36991000,103678000,38072000,81739000,118000,289657000,719000,126031000,93429000,4714000,1210000,362319000,8895000,758793000,1225000,508253000,22994000,115145000,11411000,39590000,96581000,30821000,72550000,81000,300791000,630000,127932000,90775000,1083000,266000,380392000,8759000,744788000,1229000,394078000,23213000,108061000,11042000,40709000,93681000,27703000,68376000,82000,316073000,463000,134232000,92833000,2156000,438000,382370000,8664000,722096000,1229000,372994000,20392000,103444000,11305000,42211000,90666000,25039000,63522000,68000,338774000,749000,128823000,94329000,3128000,702000,384768000,8593000,696766000,1287000,337791000,19368000,102373000,10998000,43207000,81399000,17161000,57697000,69000,351646000,818000,134944000,94827000,4097000,950000,398584000,8679000,716553000,1350000,382386000,17294000,103032000,12053000,43001000,79227000,15723000,54386000,66000,360393000,621000,145418000,97632000,1044000,348000,416822000,8910000,758224000,1496000,369087000,18760000,104513000,14790000,43524000,76486000,15400000,48429000,53000,370890000,667000,150309000,100584000,2218000,690000,417992000,9095000,766004000,1535000,433156000,19984000,110060000,21477000,42985000,68488000,12236000,45262000,54000,376447000,558000,156718000,99603000,3421000,1037000,430180000,9238000,830282000,1629000,413066000,21226000,138016000,44072000,43372000,60847000,11170000,42643000,54000,379357000,509000,152450000,102351000,4578000,1372000,438586000,9397000,826195000,1717000,482562000,19133000,136207000,42462000,43978000,58516000,13162000,39060000,39000,384550000,499000,157009000,99326000,1154000,290000,461306000,9362000,829870000,1630000
"Wells Fargo Bank, National Association",241643000,18743000,166077000,60723000,39719000,71824000,9205000,4264000,69000,450813000,5565000,158207000,108482000,386000,144000,521503000,36913000,558941000,1266000,271791000,18155000,175947000,68198000,42624000,71586000,8664000,4016000,49000,456646000,4775000,160539000,108558000,106000,48000,540564000,36258000,574259000,1336000,207251000,17464000,194293000,74563000,44346000,71098000,8404000,4041000,41000,467917000,4621000,165833000,111259000,212000,91000,528134000,36105000,573905000,1332000,226356000,15085000,199165000,74023000,45692000,70785000,8073000,3918000,58000,470053000,4655000,164349000,114108000,307000,134000,512282000,38137000,594665000,1002000,240008000,16979000,202243000,74764000,46469000,70554000,8504000,3673000,51000,469461000,5459000,163175000,116544000,425000,181000,511544000,37838000,625932000,995000,266965000,17096000,193599000,72489000,48150000,69901000,8154000,3685000,49000,471822000,4678000,185439000,116368000,118000,56000,528094000,38735000,632986000,1005000,259581000,18611000,212320000,69111000,50915000,69038000,8051000,3563000,30000,482802000,4393000,186751000,118497000,239000,116000,530809000,39083000,638711000,1008000,246316000,17662000,249075000,67793000,53335000,66677000,8288000,3142000,32000,489111000,4400000,185901000,120455000,385000,183000,545546000,39785000,639325000,1082000,220111000,19607000,267281000,67366000,53121000,63105000,7581000,2415000,34000,484495000,5343000,182539000,120802000,575000,264000,541763000,39876000,690094000,1086000,246435000,18876000,270504000,66175000,54370000,59635000,7360000,1635000,30000,475336000,4480000,183535000,116626000,172000,84000,561330000,39276000,741554000,1051000
"Bank of America, National Association",127221000,26057000,310555000,67035000,7451000,14628000,3462000,4213000,3615000,347751000,1388000,212430000,179038000,1611000,153000,519345000,41630000,655828000,3678000,148889000,23974000,317162000,57045000,7679000,12645000,3040000,4175000,2998000,341555000,1259000,214769000,172923000,377000,39000,534847000,40592000,666758000,3888000,148349000,24522000,322832000,55925000,9398000,12691000,2877000,4324000,4127000,330642000,1253000,225247000,176792000,763000,73000,531380000,41044000,672650000,4010000,157760000,22080000,330630000,37634000,10231000,11904000,2649000,4488000,3201000,319154000,1213000,231330000,178868000,1096000,112000,535682000,42337000,687404000,4301000,147751000,25339000,355111000,22944000,12530000,11832000,2283000,4100000,3134000,325856000,1202000,232754000,174801000,1405000,153000,562240000,43789000,669692000,4431000,165565000,22133000,346809000,19894000,13115000,10990000,1346000,4384000,3069000,320764000,1050000,239581000,173132000,335000,39000,581891000,45006000,651764000,4677000,151813000,24029000,356386000,23887000,13727000,10451000,988000,4085000,3279000,320962000,714000,239765000,176631000,630000,91000,579061000,45999000,642760000,4800000,127024000,21890000,378797000,43013000,14005000,12201000,841000,4439000,571000,320734000,632000,249140000,176249000,919000,132000,556603000,45605000,696242000,5056000,134342000,25451000,373531000,46077000,15146000,13645000,708000,4012000,1410000,318217000,670000,248914000,170906000,1180000,190000,558076000,46960000,708137000,5192000,150879000,23423000,374138000,48285000,15423000,12848000,648000,4132000,1770000,318768000,680000,262230000,165901000,242000,82000,575498000,44962000,694603000,4981000
"Citibank, National Association",150687000,29333000,167307000,110126000,19098000,22037000,9183000,83750000,1648000,173191000,1104000,139445000,159992000,2727000,1094000,118558000,17202000,348955000,723000,145757000,19417000,168154000,111383000,18705000,19662000,7815000,84378000,94000,167897000,1034000,142096000,150544000,687000,330000,119385000,16622000,347519000,395000,144398000,21594000,174193000,114448000,18539000,19640000,7638000,84916000,140000,168077000,1660000,146952000,152445000,1412000,646000,115543000,15610000,346340000,142000,152036000,20173000,175412000,111876000,18242000,20312000,7537000,94404000,76000,162753000,1914000,145105000,150658000,2107000,973000,114280000,16520000,351629000,173000,123165000,18620000,179746000,112627000,18198000,21074000,7203000,93329000,231000,161353000,1633000,143669000,155504000,2776000,1219000,116834000,17152000,350206000,146000,147529000,20373000,182569000,110456000,17774000,20865000,6687000,101834000,483000,160682000,1489000,150953000,147432000,635000,282000,119350000,18753000,363933000,151000,142008000,20510000,187834000,114269000,18015000,21251000,6102000,99562000,842000,158673000,1321000,152835000,158666000,1301000,525000,121239000,19183000,362755000,138000,148039000,21626000,181592000,110763000,17834000,23204000,6454000,103089000,1105000,157748000,1338000,149236000,163234000,1924000,806000,120546000,19350000,356693000,136000,151913000,21858000,184244000,113740000,17486000,23541000,5685000,102750000,104000,154470000,1181000,143852000,169077000,2528000,1087000,124091000,20276000,370536000,152000,171254000,20575000,176856000,107497000,17435000,23381000,5211000,102205000,84000,155519000,1250000,148554000,163255000,588000,313000,123726000,19985000,377694000,127000
"U.S. Bank National Association",10622022,5870424,92554596,3282240,5827279,1918673,687774,14637,242647,116568586,1238672,60541114,45981772,1794,232,112479658,3714521,149122229,140404,14048386,5985813,94133338,3594133,5694288,1902082,660842,9000,241359,115681250,1047987,62420147,45274564,599,53,115845489,3623459,151675808,136448,17896807,5704741,95530995,3983536,5332020,1866154,626962,9000,136755,116434368,1044622,64349422,46612840,875,119,117308206,3537528,160183241,134396,10415443,4643783,97348951,4252592,5260711,1803989,590993,9000,234149,116546949,1044584,64580289,48042240,1228,176,118803986,3476614,152142838,137285,11116460,5486266,98143876,5990755,5273742,1757050,559592,9000,37847,116175433,1162844,66463114,50586055,1528,240,124192268,3390502,153371076,156646,10947868,4424137,99789772,9171336,5154726,1690246,525961,9000,38117,118985172,1037532,68896478,49491150,470,92,125780381,3228671,160209363,269272,14010590,4943641,101140851,14037058,5381125,1678551,498200,9000,36740,120815741,1025004,69080322,50559827,924,174,130992010,3191227,164980969,267232,23641632,4790262,102777107,17996325,5333868,1608345,466122,9000,38906,122457226,964951,69683882,51804027,1556,233,139625798,3270800,172954122,153689,15670179,5976543,103053922,21077730,5006955,954152,438499,9000,8567,122166391,1026595,69077684,52895555,2433,285,143326519,3176245,170183517,147474,20286216,5042658,103674999,22275395,5262004,466984,1452,13000,8094,120470197,916596,70299082,51364094,731,68,144212599,3116522,174217194,145017
"PNC Bank, National Association",36111112,4356577,33445949,5035715,4077587,17241574,5209636,552855,423369,83974441,129852,65413719,26454923,28552,5854,112618679,5251078,114485258,305373,35322397,4147829,38447587,5110458,4098295,17239686,5023365,557010,363290,83576399,103607,67358595,25587433,4461,1222,116493688,5398246,114665301,342334,38360182,4406360,39082533,5722763,4038263,17172260,4802183,553564,427164,83186266,110979,66925357,25446983,9369,2798,116508165,5403934,117684088,336194,38022869,3830058,45692782,7922507,4032378,17124054,4578318,555351,465875,83549636,117339,66243092,25564855,13996,4745,116016469,5402387,123999971,353719,34548888,4060760,47968471,9518004,4008994,17283821,4382704,625821,483201,83110679,134606,66632726,25837606,19540,6300,119257546,5243896,123376528,345961,33317554,3856257,49775694,10071794,3984819,17439638,4176239,864620,412826,83167760,114144,68478217,25436254,5141,2457,121089816,5174753,124130914,356472,30927878,4191703,49223593,9698296,4030440,17051187,3904919,921339,483495,83677057,119103,68813802,25663750,9142,4931,120338607,5172642,125269652,370773,31526976,4527342,55753991,11998029,3986320,17175831,3740149,1017057,525051,83728019,119241,70206048,25999525,13285,7722,121516997,5193900,134039507,360467,30529047,4875189,54067481,13092585,3891538,16346017,3555318,985616,530548,83735868,130058,70593170,26598218,18290,10284,122884785,5136251,129648097,353066,32861126,4998471,54986968,12835738,3835139,15980996,3387187,1018068,515512,82807864,112867,72663547,26042577,5533,3372,127275474,5057760,128982680,349661
"The Bank of New York Mellon",111485000,6317000,72679000,23010000,5240000,13801000,5129000,23556000,86000,3853000,0,2235000,78000,12000,37000,1089000,0,136839000,0,106948000,6613000,82671000,26922000,5130000,13650000,4800000,23589000,83000,4019000,0,2527000,103000,2000,16000,1108000,0,143953000,0,123071000,7835000,77664000,22349000,4519000,13460000,4670000,23655000,1000,4210000,0,2185000,96000,3000,38000,1743000,2697000,151093000,0,101669000,7666000,76650000,21844000,4308000,12846000,4426000,22536000,3000,4231000,0,2693000,104000,5000,63000,1791000,3121000,132558000,0,126465000,6003000,77013000,21733000,4040000,11959000,3939000,21920000,3000,4356000,0,2906000,99000,6000,90000,1766000,3412000,123255000,0,108426000,3362000,77538000,22279000,3715000,11176000,3694000,21323000,2000,4590000,0,2805000,104000,1000,33000,1309000,3911000,120615000,5000,102741000,5045000,77488000,22874000,3737000,10712000,3342000,21229000,1000,4694000,0,2978000,78000,1000,70000,1863000,3341000,132873000,0,96116000,4490000,78366000,23228000,3551000,9963000,2983000,21617000,1000,4530000,0,3421000,68000,2000,111000,2037000,3418000,138145000,1000,73505000,4245000,77391000,21987000,3369000,9033000,2696000,18660000,1000,4428000,0,3063000,56000,4000,157000,2090000,3674000,104521000,0,81319000,4709000,78106000,21944000,3295000,8474000,2521000,18804000,1000,4353000,0,3839000,53000,1000,44000,2239000,4365000,104887000,1000
"Capital One, National Association",37717087,2492626,37584194,1868537,54547,7112038,2208061,210011,18706,54212781,7630,17106238,55286121,0,0,124052957,2190604,68659705,107355,42426052,2238926,38968618,2276122,32686,6201942,2263490,209159,18931,53660488,7142,17342207,54435850,0,0,126420664,2146130,71744169,104457,42240654,2100875,40010744,2274912,32072,5376030,2156327,117971,18827,51995299,4033,16966562,55860789,0,0,124711260,2110240,72608474,104396,42182985,1881832,40937090,2277994,31762,4888066,2045897,117741,19013,50270196,4281,17034049,56833119,0,0,126047252,2092025,74174307,103421,46786990,2493411,41620753,2512503,0,4415281,1948795,0,18954,54394455,4425,20684078,59105541,0,0,129658543,2059621,76277640,104960,41876705,2274817,43726702,2800951,0,4053476,1849248,13000,19314,54452150,8101,21563067,58129017,0,0,133170480,2063487,77493862,105003,47015634,2522753,43558237,2904737,0,4007153,1787826,37028,19507,54134378,13628,21711395,60011591,0,0,132271959,2058801,78964070,106325,46891150,2519358,44836680,2895640,0,3955241,1745549,134615,19579,53747655,17101,22087386,61704032,0,0,133296782,2031657,80516149,111741,49837900,2838440,45056577,2836372,0,3575756,1684197,356392,19211,52749810,13553,22159615,65496763,0,0,137053765,2014863,83687746,111528,47374172,2773294,45535621,2490431,0,3546705,1621697,357043,21134,52046713,11575,21833985,65289082,0,0,141212173,2035563,87128311,113233
"State Street Bank and Trust Company",94310206,1315601,36584582,10082770,10838632,55200996,15872085,9562507,103383,88335,5738,2107161,180354,5470,38276,616406,3420,106530940,0,85655452,2761231,39245720,12434216,11066153,52706810,14883409,9254679,393432,96130,5345,2620264,185202,1385,11355,792117,3605,105438235,0,118908446,2716905,38410341,12949049,10470733,42956173,13747980,9342070,3454,97310,5661,2660735,374257,2429,26033,781507,3675,118069400,324,71156494,3327518,40188742,15642600,9994567,38060774,12645994,9017155,3361,115043,5668,3001240,339788,3765,44288,758891,4057,92338835,0,75709943,905788,45398560,20980899,9766962,34809116,11130548,9491842,3378,94236,6894,3203601,319870,4227,61805,780200,4197,98317593,0,67889770,3433612,47793288,23354376,10045694,33402573,11581935,10568979,3235,94504,7114,3339883,329670,108,36207,782409,4098,87648217,0,78966434,4354738,48526058,23339734,10622188,32269654,10948430,11280531,3394,99070,7299,3340319,345045,169,71433,788704,3977,92810641,0,81700733,3249913,45152852,22307573,10775907,31269255,10324054,12309173,3482,100371,8011,3416269,349428,561,111636,770882,3634,96453952,0,71659579,1235780,45404609,21264896,10336174,29148471,9026211,11847050,3545,103451,7743,3542406,332590,1002,145469,805835,3758,91577366,0,69090817,2804801,43285039,20151052,9839592,29009929,8946729,12064104,3666,103188,7444,3465949,329334,289,45956,832987,3671,86869314,0
"TD Bank, National Association",15302595,1623934,26113362,10007,806,45389177,14459453,6959950,5692,54143991,111437,21676972,19135402,0,15784,98101788,28401681,65059122,87286,15122632,1558773,25414475,10002,757,44109137,12653133,9170536,5529,54414067,111677,23404995,19628170,0,0,101138827,28055087,65058821,89756,13804215,1807836,24394865,1000,676,43737778,11658092,10389868,5556,54398255,137802,24315923,20543982,0,0,100811306,28609369,64793854,89237,10385639,1607501,29602280,6039503,676,41778690,10298464,12175688,5253,54712669,151247,25492189,21591290,0,0,101602140,30995199,68925293,89754,12418696,1968836,30982024,7968943,676,39472021,8589200,11890323,4998,55045436,154282,27219095,22552160,0,0,105639495,31091000,70982463,96502,13680178,1728904,33475726,10255623,676,39569137,7831680,13682737,4904,55495647,148253,28704655,22954279,0,0,108133799,31618330,73385137,94849,9811172,1798800,35604266,11392166,596,38850942,6752941,14133809,5123,55993408,150784,29741558,23819384,0,0,108610329,32117979,73700977,95492,13159599,1789663,37797782,13546636,591,39055823,6161604,15841325,4967,56666077,138458,30536961,24440318,0,0,110448057,35129912,76983518,95950,16670417,1932294,40529792,16967869,591,36287740,5773643,15317479,4824,57179588,151380,30803540,24781885,0,0,112752275,36684783,79406560,98123,20766269,2054181,41302084,16995535,591,35322443,5103403,17202051,4772,57399313,144767,30899802,24567126,1000,0,114924964,36433435,81902179,96973
"Branch Banking and Trust Company",2068312,1550649,36759701,2101106,2285568,1801854,1195630,625,41078,69622312,146923,19240064,15527983,10870,0,61945377,3540362,74811335,237616,1699489,1386599,37861392,2303821,2280087,1747953,1149644,625,40770,69577742,130921,19399365,15654463,8074,0,64276066,3603698,74811367,227892,2351031,1538971,36518154,2354711,2262796,1685698,1097814,625,4526,70631513,155013,20325657,15973337,8983,0,64134597,3547356,77744136,225248,2536392,1523202,39793298,2559132,2445696,1101699,1044969,625,4269,77732659,205787,23226064,16087503,9959,2,72257072,4131620,83408190,265800,3441421,2020359,40213123,2804334,2436103,1045456,989120,625,4098,76978905,199821,23704774,15802958,10866,2,73429651,4199013,83080358,253142,2467972,1695633,43094460,2040912,2393017,857901,803418,625,5230,76804503,177630,24381280,15359625,16047,0,73606067,4136275,84201621,249875,2365636,1869175,43460777,2144559,2605604,800176,747656,625,5083,81780486,240703,25605561,15646048,16930,0,76386849,4340228,90102516,262195,2685788,1769943,43799927,3610902,2476308,772224,721511,625,5145,81189191,219806,25588458,16425448,17943,0,76581723,4291065,90092805,248350,3702761,1822795,40414446,3549220,2314589,727773,678865,625,11034,79401933,228927,26347428,17613530,18877,0,76825450,4306951,90223886,241533,3638184,1665053,41946348,4559325,2095488,690187,643068,625,9884,78728773,205982,26772827,16870637,4907,0,77955319,4171846,88904034,227525
"HSBC Bank USA, National Association",30847140,890227,38601123,12011368,187781,236975,10998,3915196,166318,28817866,280010,32340637,1237707,252835,9208,32100697,27375,94111679,1265,32371483,972138,41844311,10899104,212561,219038,10758,4112882,164474,29540091,278980,35308073,1180364,95411,2584,31235388,26447,97471429,1265,20434175,1077392,42345296,10819802,324844,212896,9536,3692075,162801,30454613,281346,36830554,1174723,185900,5705,31883713,25452,103939387,1265,23068314,914432,45727805,12668395,304410,202438,8052,3532664,163935,31292226,295980,35655664,1158871,260816,12007,35800567,24261,103800792,1265,8394683,969118,48541640,16896492,111996,180248,7249,546676,161420,31249071,311056,35600108,1177511,340220,23065,31724282,17797,104279275,283,14924934,863185,51170665,18260088,14855,577392,6770,460306,158489,31508344,329621,36590805,1127432,85386,28429,28808365,14912,114199070,0,14468997,915323,50367282,20322999,14965,571626,6321,511302,158856,30576223,296891,34631926,1161666,144769,85379,25765197,0,122550570,0,17989774,903452,53030376,21646801,13987,569034,6116,456971,158246,30479815,264152,33040977,1117942,197060,139493,28382893,0,118158946,0,20850627,1235404,48857515,20908855,12912,171700,5582,520559,153661,30426961,219448,30192177,1135233,262284,198531,27454899,0,109729534,0,18794323,1036821,50181540,22071185,12059,570512,5422,306244,153505,29525341,218925,28499360,1094187,57581,53957,27378728,0,111926247,0
"SunTrust Bank",7051225,1944539,25227381,1921613,185423,179223,122601,5200,130953,57540846,52720,42442810,21275383,25677,159,69668360,3522286,70076778,228532,6604245,1867155,25354107,2145229,170638,173548,118814,5200,195242,57236116,49412,42632294,21123123,5876,29,70981341,3446606,72805862,239063,5922563,1830168,25918876,2912664,163649,162678,111565,3600,51187,57004422,21556,43030250,20249493,13460,65,70032566,3427252,75418979,246652,3847098,1438483,26204301,3065692,162766,149537,101752,5300,103477,57223234,18854,42707195,21219536,21073,111,69799923,3553913,77244640,265326,4321384,1730136,26793466,3435002,157610,139005,94050,5300,85362,57244702,27721,44971538,22004112,29342,133,71008626,3520866,79100111,258705,3072789,1583393,27193313,3781660,151948,131154,88006,5300,36196,57682582,33940,47054636,22983596,10045,32,71942483,3461827,80113481,276617,4148227,1597684,28162163,4425436,169035,124078,82920,5300,77141,58979160,36772,46968452,24477670,19558,63,71676055,3658935,80755025,289790,8023496,1879552,28475076,4967469,259070,117060,76162,5300,95282,60156619,41673,46462075,24643470,28449,106,72378714,3513464,85939727,295173,5091199,2167737,29236051,5390076,277505,365642,73835,5300,95073,60744528,48632,45254346,25802414,38157,141,73434442,3448151,85413074,293359,6976838,1883460,29381557,5407410,320793,642222,71141,5300,111815,58894181,55920,44446386,26441171,10970,36,75331813,3423797,85879420,283806
"Charles Schwab Bank",9740000,42000,58893000,2994000,0,25936000,15000,2810000,0,11082000,0,0,2217000,0,0,33834000,30653000,29140000,9258000,9360000,89000,63855000,3004000,0,28333000,14000,2915000,0,11050000,0,0,2443000,0,0,35827000,30768000,33251000,9717000,9035000,13000,65894000,3254000,0,29765000,13000,3172000,0,11079000,0,0,2814000,0,0,36206000,31967000,34569000,10335000,9378000,9000,70336000,3656000,170000,30536000,6000,3432000,0,11062000,0,0,3050000,0,0,37317000,33432000,36885000,11484000,10459000,7000,79220000,5135000,424000,30403000,5000,3492000,0,11069000,0,0,3187000,0,0,40827000,36036000,40857000,11844000,9976000,12000,87615000,5165000,455000,30287000,4000,3471000,0,11057000,0,0,3256000,0,0,42593000,37176000,43455000,12530000,11226000,9000,92624000,4432000,651000,30714000,0,3125000,0,11084000,0,0,3467000,0,0,42646000,38040000,43715000,12949000,9759000,41000,104826000,4416000,1037000,31255000,0,2586000,0,11159000,0,0,3580000,0,0,44328000,40929000,47811000,16622000,9589000,42000,115596000,8054000,1190000,30535000,0,2385000,0,11484000,0,0,3782000,0,0,46849000,45131000,51965000,19620000,8045000,54000,119242000,7861000,1170000,33276000,0,2314000,0,11628000,0,0,3765000,10970,0,48589000,45322000,53346000,19716000
"Goldman Sachs Bank USA",40157000,592000,0,0,0,0,0,0,0,9326000,0,10479000,1348000,325000,13000,35789000,6864000,29462000,383000,43140000,959000,0,0,0,0,0,0,0,11912000,5000,11449000,1393000,132000,8000,38836000,6896000,30978000,417000,38750000,348000,0,0,0,0,0,0,0,10968000,5000,12656000,1547000,264000,21000,41017000,6600000,29944000,414000,39756000,539000,0,0,0,0,0,0,0,11448000,5000,13816000,1494000,419000,23000,42827000,6861000,30757000,429000,50016000,393000,0,0,0,0,0,0,0,11789000,5000,13526000,1590000,555000,49000,44586000,6877000,36406000,419000,50521000,183000,0,0,0,0,0,0,0,11737000,5000,15303000,1688000,123000,18000,48359000,6622000,37494000,487000,72766000,240000,0,0,0,0,0,0,0,10781000,5000,14676000,1905000,248000,64000,60608000,6746000,46034000,537000,67277000,446000,0,0,0,0,0,0,0,11173000,5000,14571000,2095000,385000,63000,58686000,6347000,46067000,589000,74601000,194000,0,0,0,49000,0,0,0,10653000,40000,14148000,2600000,551000,85000,55521000,5802000,53076000,594000,68386000,199000,0,0,0,64000,0,0,0,11965000,5000,12728000,2738000,143000,32000,53902000,5717000,50721000,572000
"Chase Bank USA, National Association",15272606,881436,8,0,0,0,0,0,1000,0,0,5621866,93450671,0,636,5721990,213,40039603,0,26289663,860559,8,0,0,0,0,0,0,0,0,5493340,89361266,0,175,5472033,198,49162668,0,32187066,749064,7,0,0,0,0,0,0,0,0,5637021,90866071,0,359,5743815,181,55312424,0,32277414,840269,6,0,0,0,0,0,0,0,0,5703166,90896575,0,555,5538198,177,54939951,0,32914864,1015577,5,0,0,0,0,0,0,0,0,5737215,94620373,0,563,6274860,175,58695475,0,32510181,847661,4,0,0,0,0,0,0,0,0,5878549,88361872,0,0,279603,164,58181100,0,32586015,944419,4,0,0,0,0,0,0,0,0,6143872,91364912,0,0,279675,203,60591824,0,12639116,1297772,3,0,0,0,0,0,0,0,0,6184436,94202154,0,366,284114,203,27864096,0,12863069,2529176,2,0,0,0,0,0,0,0,0,6326300,99610876,0,1047,298347,250,35165965,0,15722940,1370055,2,0,0,0,0,0,0,0,0,6405764,93573828,289,680,311349,213,36653282,0
"Fifth Third Bank",11007000,3011456,18598478,24838,377628,2905769,444,6800,26007,31568248,109590,34424958,15150132,2950,11,53651968,3187592,50816757,63752,7838722,2893749,22096776,25135,367758,3409667,429,6800,25572,31081262,92157,35979145,14905558,632,2,54859024,3132975,49544429,63882,6230897,2715825,23317344,25086,332894,3781765,380,6800,24859,31781659,90756,36594948,15070268,1050,6,54971625,3164695,49238993,67093,4416200,2400922,23837361,25214,297585,4106428,361,6800,24646,32322123,71759,36833231,15009200,1548,8,53610321,3163910,49584302,66036,5210577,2418762,24127722,101072,120359,4152776,346,6800,23795,32442125,84606,36010773,14680522,2726,10,57982208,3166534,61952836,64935,4073978,2297727,24493523,78205,114471,4632864,334,6800,24296,32539510,55894,37474248,14144413,701,2,53552399,3174988,59613741,66473,4170935,2359700,25773286,78861,112092,4920906,319,6800,19887,33321912,55891,37428922,13645347,1406,5,53348898,3167116,58582519,66819,5156819,2164130,25017544,78158,106368,4911102,304,6800,17775,33850007,51433,36741176,13321924,2191,11,53529472,3214468,58239973,67187,5134785,2391670,25210293,472694,69818,5221440,291,6800,16780,33881575,53178,35860193,13060368,3514,26,54686628,3196565,60056916,64722,3845560,2205273,25351784,436395,69440,5426949,279,6800,16561,33958684,44168,35598869,12583624,1348,6,55908244,3122985,58814558,63400
"Morgan Stanley Bank, National Association",17514000,88000,42671000,25289000,0,11464000,0,247000,0,8634000,0,11569000,9955000,0,52000,47314000,16232000,44952000,1998000,16444000,150000,40316000,20654000,0,11827000,0,266000,0,9016000,0,12765000,10521000,0,18000,47895000,16023000,46227000,1957000,17573000,213000,36922000,16036000,0,12036000,0,264000,0,9588000,0,12720000,11813000,0,38000,48130000,16465000,45079000,2108000,23971000,164000,36146000,16107000,0,11791000,0,263000,0,9115000,0,12661000,11837000,0,56000,47508000,15661000,50389000,2235000,24033000,109000,41152000,20620000,0,11069000,0,260000,0,8911000,0,12902000,11597000,0,74000,49122000,15795000,53978000,2331000,24352000,141000,42628000,19624000,0,10866000,0,279000,0,8411000,0,12662000,11190000,1000,17000,48416000,16831000,53467000,2384000,24082000,127000,43486000,19541000,0,10486000,0,242000,0,9041000,0,11809000,11078000,6000,33000,44026000,15887000,56922000,2288000,10030000,124000,43704000,19803000,0,9876000,0,242000,0,9980000,0,11448000,11218000,10000,52000,50511000,16641000,41752000,2347000,18432000,49000,43969000,19782000,0,9479000,0,229000,0,9908000,0,9736000,10867000,15000,73000,51773000,16978000,43074000,2383000,17588000,108000,44613000,19502000,0,8888000,0,196000,0,10373000,0,8819000,10568000,289,21000,50115000,16501000,42891000,2317000
"Regions Bank",4042452,1742340,20540980,139679,0,3088474,7577,394360,140970,39401289,369094,22063648,5773219,3139,104,50962479,3828496,45970439,119264,5967050,1744092,20635973,140906,0,3231522,7191,398483,173735,39292807,330534,22734265,5836203,3332,42,52395493,3796251,47263503,118153,3829003,1736576,20542943,141979,0,2998536,6587,286295,220649,39666970,362874,23200740,6087130,3628,45,51807367,3795746,46381818,118064,4954247,1739249,20589676,142118,0,2903104,5918,268805,209471,39671122,347164,23193995,6342484,3945,51,51477871,3809527,46601760,118380,5458446,1528553,21423013,188690,0,2645714,5244,248633,275407,39601753,322596,24129052,6553521,4404,75,52664527,3686159,46501206,114493,4376084,1696348,21762263,194948,0,2619469,4863,242605,307568,39490484,287420,24463987,6719241,2594,23,53158223,3489533,46464599,102903,4237882,1870115,22224324,197119,0,2408603,4574,187407,255144,39513698,316430,22985294,6983807,2876,25,52665793,3325639,46808361,112548,4216538,1908486,22576683,196759,0,2315595,4423,157875,175864,39340472,299220,22537325,7061599,3222,25,54030663,3140828,46897601,114252,5512061,1930942,22480356,257268,0,2246582,4222,155442,197444,39104291,258571,22263928,7196513,3736,27,54439080,2783097,46349015,124417,4417676,1783394,22958368,252894,0,1913273,4126,158296,205315,38708379,219861,22157471,6962232,1944,3,55716378,2623940,45384876,111667
"The Northern Trust Company",36227225,1326692,20914495,4506946,126440,4665728,157655,7095955,0,13779446,0,6041676,286658,0,3471,5417277,134565,36761966,47460,30825763,1857109,21277161,4627416,117105,5365252,135402,7264004,0,13540340,0,6874146,273114,0,1157,5389739,131532,34766565,44675,43266435,3890548,21795637,5018766,107875,5831570,123695,8053374,0,13603408,0,6476888,292818,0,2357,5230218,128260,38828374,44890,42339470,2106634,20841772,5125159,101625,5680568,205258,8580716,0,13485543,0,6469629,271110,0,3686,5604045,125290,35725311,43787,37610626,2920361,22580968,6204260,125624,5303825,133814,8863097,0,13419665,0,6367702,342232,0,6257,4950792,121744,36636553,43551,35616196,2926967,23786845,6885014,269172,5185095,124449,9227187,0,13359467,0,6468568,328503,0,3244,4806273,118747,35385262,40145,36391155,2002146,24342916,6897300,720689,5460757,113666,9355080,0,13150534,0,6137706,334768,0,8019,6072855,114997,36066761,41007,33634952,1721222,25704386,7671881,851422,5310840,100141,12071637,0,12937914,0,5857183,325361,0,12390,4765073,112603,35169938,40829,37358769,2076581,25437745,7537538,948845,5383771,91656,12123558,0,12771907,0,6030479,328909,0,18395,5903510,107529,35474573,39487,36108400,2589933,24779399,6836245,1000540,5727275,88591,12121459,0,12421178,0,5724080,284456,0,6539,5765241,103522,33474262,38139
"MUFG Union Bank, National Association",5689215,1751844,15851425,486005,178687,5882391,167840,0,6754,48027431,305729,20069121,354673,4479,74,30018101,839356,55075608,141039,4522413,1729785,16502220,635927,918820,4945741,156033,0,6373,47809170,322833,20266556,418034,739,-49,30205625,812955,53773461,153672,3974646,1825497,17986401,890506,914762,5292106,144945,0,4922,47464568,351853,19940256,499044,1360,-130,29569304,792933,51777952,153895,4288345,1598621,18201321,488214,864501,5529235,132216,0,4920,47166228,305024,20317940,618691,1873,-128,29460482,775654,52967965,140348,4505284,1754328,17952196,1082107,746365,5715263,150702,0,4873,46811629,294070,21387125,787670,2302,-145,29655100,754583,54371464,135830,8295312,1609668,17063665,641369,720955,5746736,203003,0,4947,47849693,283826,21720586,985003,348,89,29657211,737898,59503108,153882,3823442,1530638,16469878,649228,716698,5827341,247513,0,4954,48782599,285009,21404447,1073535,610,127,28930205,721773,53338856,137353,5140377,1607254,18351984,2133296,718123,4873606,298967,0,4966,49389127,300144,20183874,1203602,940,157,29404881,703170,56658506,133248,5657977,1827533,19536450,2997007,709142,4066741,327810,0,4879,49662836,304372,18893777,1191209,1203,185,28980240,686131,59221466,115774,4750500,1663420,20564111,3305256,702976,3880868,426763,0,4854,50378513,292791,18166759,1078356,397,45,29581110,671442,58116810,109399
"Manufacturers and Traders Trust Company",7661767,1266242,12030014,148348,157159,368617,201834,900,72667,41699029,58858,15919505,4943179,509,143,31069913,894532,44363834,34429,7472835,1259065,13423419,149570,156548,360485,197602,900,87969,41824619,61322,16211969,5034663,156,44,31749980,867518,43877075,36840,5345741,1335448,13786947,185227,144426,358659,191997,900,89052,42358183,56551,16402197,5226582,303,67,31655877,844403,42372578,36393,5914902,1236769,13579470,185699,131547,353087,186963,0,59178,42396036,77202,16390979,5513634,407,76,31397986,817209,42760917,37185,8918667,1361115,14526671,286452,124459,342524,181163,888,73129,61049890,78364,16635322,5629738,507,78,45494792,2523436,46083863,125928,10678926,1168820,14383301,187693,108856,328916,175530,900,74322,60513230,80265,17365717,5758869,153,1,45140816,2459002,48516306,119094,9715398,1274379,13971020,388744,89855,323275,168841,900,73699,60706756,77157,17367423,6012333,287,1,44749682,2413873,49619084,118379,12062476,1319428,13813381,714269,77273,278495,163540,900,71158,61055691,78169,17563664,6341636,412,2,44329735,2342052,54272185,112169,6274631,1309484,15077339,1889312,64499,273374,157748,900,105779,61422319,81746,17866158,6500479,541,3,43755034,2184699,52171923,103464,8184370,1267735,15063844,1888568,49960,270080,153077,897,89252,60007925,81482,17694292,6705184,96,0,43447638,2054167,54147588,96264
"Ally Bank",2193010,11968,6598821,194531,0,4430135,2237110,0,0,11085175,0,35490133,27157020,0,0,46121919,1727400,10369211,161717,4112990,336861,6397486,197438,19978,4689733,2362323,0,0,10866672,0,34922804,26404161,0,2,47744272,1845206,11307018,174205,2788049,312427,6922104,196500,18146,5021102,2558739,0,0,12511516,0,35625359,28081732,0,2,48358738,1983583,11611164,196026,2426585,252228,6613958,198563,18584,4952579,2536447,0,0,12900298,0,34978540,29751619,0,2,49361857,2018652,12717139,211058,3492789,365510,5588068,196063,18277,4618321,2434193,0,0,13048754,0,38169457,30843213,0,2,50482271,2028162,13759708,221434,1915336,287666,7192861,50359,15861,4595782,2364505,0,0,14018173,0,37781741,30316809,0,0,52966981,2163885,15038328,232468,3290531,267234,7794886,50891,15648,4455261,2326808,0,0,14448094,0,38898107,31855862,0,1,54675370,2345581,15744494,261928,1863990,274683,8356876,99688,13812,4496240,2123711,0,0,14380950,0,39862910,32516805,0,1,56527234,2382871,16843877,289398,4348471,303796,9628397,870633,37717,4082564,1869651,0,15,14616788,0,43083540,34892818,0,1,58334451,2407477,18031775,312193,2058000,377000,11592000,1317000,33000,3429000,1787000,0,2000,14677000,0,43391000,35419000,397,0,62929000,2464000,19073000,317000
"Citizens Bank, National Association",3060297,1028915,13575620,16245,15631,645909,642356,0,0,32729423,3670,19855615,15774595,315,81,34297463,2760854,35390932,77792,4472064,970975,14487218,16250,16362,617310,613817,0,0,32549659,2675,20520716,16258775,407,2,34631645,2894618,35239200,106545,2499180,999257,14748854,31271,17259,585291,581904,0,0,32599985,2753,21847594,16200514,834,2,34677148,3397505,36008593,83560,1882243,1105280,13895092,16274,16873,468372,465019,0,0,32841481,2941,21221684,16581233,1256,707,34025658,3576477,37053452,94594,3071288,1124957,13978757,16240,16520,446745,442247,0,0,32999198,2807,21922735,16877503,1400,1428,33991998,3117846,40010965,89208,2160346,908559,14115787,16253,11575,418514,414017,0,0,33459734,2661,23351554,17271026,534,78,35666100,3200714,38501372,74842,3930919,1041269,13511202,16222,11475,392102,388985,0,0,34375522,2821,24392406,17811813,957,80,35135812,3279010,39958039,72692,3486867,1036239,14115032,16238,11212,367686,364856,0,0,34734379,2770,25052285,18485532,1414,80,35441283,3196455,41971454,76205,3781327,1063892,14159893,31204,13868,343541,340882,0,0,35376319,2973,25798404,19021212,2074,82,31774023,3650357,47830525,84284,4069510,978493,14827447,16223,13150,326231,323606,0,0,36516269,2458,25364620,19283191,522,1,34609428,3068818,47633924,91348
"BMO Harris Bank National Association",16519924,1670261,12197198,1530,2472702,6868,30,637921,0,21977442,698464,15663171,7863622,15187,709,29896345,1553040,47944248,99458,15441662,1296869,12706917,1530,2403229,25,25,639375,0,21850198,654316,15768708,7739927,4220,183,30076689,1515159,47181771,97502,17579692,1379963,12887504,6030,2408898,15,15,636935,0,21637641,449763,16002341,7901432,8365,356,29559146,1484660,49299203,94072,23941348,1125233,12326053,6030,2265862,9,9,635585,31037,21498172,452756,16514329,7725348,12418,533,29517644,1470547,55581035,101739,12934842,1460532,12175584,506484,2317332,7,7,632940,12727,21031446,564404,24016887,7346292,17576,734,31108301,1442457,52508165,99843,11057340,1006015,12897340,1103913,2271533,4,4,632847,12906,21292013,473735,24877364,6872837,5573,492,32068081,1443941,51223531,101970,13340956,1157538,13930823,1357937,2489678,1,1,130051,12989,21234819,457994,25320508,6637732,11571,698,32340880,1446175,51800603,106244,12137200,1192434,14449890,1848114,2432379,0,0,131059,12929,21120087,450919,25398480,6479479,17088,926,33024240,1446756,52493794,108064,13156204,1593587,14478781,3773296,2662993,0,0,130780,12524,20899466,463554,26231774,4415219,24224,1240,33084655,1440473,48182869,112396,11776561,1110880,14924367,3788989,2572377,0,0,5619,12828,20708503,438547,27221795,4185011,7394,361,33475179,1442331,46613555,111615
"KeyBank National Association",4863406,853126,18299024,99,22959,16426,47,15000,3,22661379,545802,21897774,5437507,682,3,29121634,1350273,44400578,76740,3886256,543255,18047944,100,21782,16397,45,17000,3,23510087,500389,22621876,5267048,134,1,29233330,1299257,43857648,71614,3920394,732041,19204731,100,18919,16369,42,15000,3,22522582,548244,22854675,5197763,327,-1,29359643,1264339,42691854,72990,2415971,834795,19248895,100,14704,16343,39,15000,3,22853210,583039,23486300,5099988,574,1,29238249,1231102,44208637,75531,3267164,1002138,19060305,99,14262,16245,36,15000,3,22138688,619444,23833456,4854341,755,2,30288526,1206554,43494704,77943,5908366,756947,19251857,100,12767,16183,33,17000,3,22168855,650029,24701889,4698769,183,-2,31211878,1207317,45116254,80509,7048074,938497,19329685,100,11325,16125,30,17000,3,22099400,614966,25958535,4615653,385,0,31567818,1213025,46634336,81110,3377172,583572,23941573,100,10954,16067,28,15000,4,22716173,644271,26497776,4553093,618,150,32234199,1203049,47628871,84148,3414303,719053,30397240,45061,10961,11089,26,15000,4,36763456,713852,31327346,7473359,861,167,49147171,1828131,58535561,110083,3213642,1008531,28571453,45086,10991,10995,23,15000,4,36791154,572456,31659677,7269759,289,4,50132571,1800069,56581359,115895
"Capital One Bank (USA), National Association",1795120,936603,14751434,2248899,0,1134049,218241,112207,68680,0,0,4855145,63919200,0,0,12127465,0,41649321,0,1836261,911802,14995322,2362137,0,1030780,211757,66107,69679,0,0,4999689,61411301,0,0,11734791,0,42649738,0,1654546,1006340,15231038,2361407,0,937598,196923,67972,69148,0,0,5437317,66190129,0,0,11449936,0,44823697,0,1675856,1015968,15277095,2365425,0,821116,184436,55505,70166,0,0,5632471,68911155,0,0,13064094,0,44810716,0,1946749,1171921,15607452,2346489,0,777000,172771,250512,69745,0,0,5793049,73030231,0,0,13313775,0,48737300,0,1519410,1115387,15440719,2363830,0,745896,163488,202152,71096,0,0,6136420,71178458,0,0,12709673,0,46523940,0,1914719,1171345,15536849,2482815,0,723092,155655,189665,80175,0,0,6530153,74858855,0,0,12415022,0,49922714,0,2315574,1251178,15703913,2478901,0,677194,146542,185238,71990,0,0,6745462,77059113,0,0,14926425,0,48213967,0,5067041,1766001,15551638,2428076,0,643190,136709,271705,70179,0,0,6919825,81050289,0,0,20464392,0,49113263,0,2349691,1229368,15928561,2878948,0,623281,129751,450070,70547,0,0,7038589,76521310,0,0,18563714,0,45237811,0
"Discover Bank",7054009,692846,3936992,1329456,10303,0,0,0,104736,125746,0,186342,69458002,0,0,38476747,2027719,5525986,128029,11624820,643138,2767060,607687,10008,0,0,0,106381,140425,0,176858,67079322,0,0,38632780,2019319,7864234,128541,10722694,701591,2689246,606197,10009,249956,0,0,126203,154121,0,181506,68468050,0,0,38537265,2026504,7735922,129168,10036127,694427,3293504,1281310,7058,0,0,0,100646,165978,0,172245,69674432,0,0,38622657,1995096,7979543,131969,9452103,851932,3075577,1272076,7059,0,0,0,100990,177904,0,163257,71984442,0,0,39373157,1965953,8342050,130098,12078819,722818,2949671,1179402,4600,0,0,0,871928,192837,0,159693,69906966,0,0,39785075,1996519,8692266,129779,11432898,781313,2465248,930831,4601,0,0,0,99871,213170,0,159889,71490264,0,0,39487652,2044549,8884351,135213,13011868,921390,1852626,677716,2060,0,0,0,753974,219752,0,153769,73117186,0,0,39814044,2068565,9252498,140889,11840657,1128435,1753962,673576,2060,0,0,0,97158,218682,0,152245,76827226,0,0,42318951,2060510,9447667,140056,15832503,745395,1716659,673286,682,0,0,0,349994,250656,0,144892,75409466,0,0,43647443,2067640,10454784,142348
"Santander Bank, N.A.",2168469,824758,9221613,1695767,1823462,3308489,13381,1544171,10343,30509595,990,16029092,1661756,3209,0,30926701,916520,22154014,30343,1858285,685772,11954240,2154164,1442353,3529616,12917,1492339,10475,30431911,897,17429006,1596383,845,0,32290088,898602,22723302,30495,2183410,757349,14517270,2601882,955723,2726907,12353,1113906,10411,30117564,933,17935364,1557484,845,0,31831340,868209,24398609,31734,4515196,729287,16928871,3209862,761322,2318168,11484,1030329,10528,30875708,967,17864528,1527858,845,0,32052193,846048,25573041,30994,4973055,826235,17028282,3188388,767880,2049924,11254,994922,10487,30712596,980,18416782,1517160,845,0,32926077,823080,25079026,32420,6561304,718817,17221047,349742,21627,2334337,11033,945418,10687,31125657,1409,18795991,1479731,0,0,34484616,820134,26366764,33421,2899697,807344,15660600,4998,33,1747426,10663,0,10799,31062961,3,18391532,1453585,0,0,33928398,793386,23480826,29055,6933916,753427,14335864,4995,31,1508075,10183,0,10830,30687993,11,17254667,1431439,0,0,34191655,779905,29645547,30268,4905990,763811,15732964,4995,30,1031538,9122,0,10607,30486083,19,16843367,1415592,0,0,33664866,769304,28721330,28768,3463336,706578,17306626,504765,28,793064,8754,0,10654,29896266,18,15699821,1365892,0,0,33024070,764666,29404563,28256
"Compass Bank",2798237,833893,9225956,1298039,1579730,235939,124051,0,43674,29544234,16873,17617793,4137615,1955,152,30423933,1264450,29340595,64585,3755204,843496,9169326,1367699,1564789,224795,119253,0,17813,29895156,22393,18036707,4399575,609,34,30612653,1250837,30812189,66051,3298290,840145,9442601,1423594,1533940,211916,114433,0,24290,30627323,25170,18253085,4606876,1524,91,30537570,1324074,30479684,69845,3878679,777302,10162287,1760471,1241600,201596,108422,0,25181,30407074,21066,18580057,4855735,3366,136,31809621,1796031,30725722,70244,4047148,828448,10407004,1882402,1144127,194436,103947,0,24086,30312969,22892,18905631,5047368,3986,166,32629678,1839437,31513052,69292,5159904,857213,10676184,1415571,1095512,186726,98642,0,19403,30146706,26553,19778910,5178112,1421,41,33533644,1736565,33479161,72295,4501579,897555,10639299,553312,1091373,178148,93314,0,19178,30372582,18384,19365785,5029627,2077,96,33551292,1759159,32481869,72273,4176008,938321,10861958,516201,1080992,169933,88611,0,16903,30497072,8906,18125090,4965932,2965,129,33310779,1663168,32630609,72482,3031032,1088619,11036553,1066520,1049357,162501,83087,0,16272,30056279,10801,18461954,4979269,3928,167,32478091,1581171,33340708,74616,3706430,919628,11313475,1773214,1011136,155857,77791,0,14134,30147684,20030,17771998,4965108,1,4,32196611,1467188,34050260,73167
"The Huntington National Bank",1206643,713954,9035972,4936,1876451,1479418,41926,3316,9708,22923407,79418,12911750,9260081,0,0,37879925,695026,25380685,9590,899100,581743,9454190,4998,2073910,1357236,40254,3906,9624,22781267,67045,13091609,9431607,0,0,38793669,659964,25851960,9712,1196406,828444,9779600,4998,2125965,1279250,38004,3897,9894,22981820,56229,13464728,9185955,0,0,39578303,632644,26364039,9634,1059391,619201,10283793,4991,2335308,1258976,0,3914,10145,22810552,47431,13858949,9929591,0,0,39643944,611477,27671542,9970,850017,620399,10783737,4959,2463433,1324204,0,3898,10263,22604332,52610,14326903,10226071,0,0,41943298,582089,28025312,9435,848295,597082,10889819,4992,2640505,1370384,0,3930,10432,22589117,51676,14808826,10703255,0,0,42821450,539131,28166557,9197,895472,614652,10950890,5004,2588252,1406992,0,3947,10643,22943790,51640,15101740,11231041,0,0,44161535,504108,27758409,9406,1437227,1022511,16296901,4996,3317538,1630200,10,3947,12359,29644591,66053,19750398,15479503,0,0,56591169,1379281,37792854,19594,1247148,1071375,18543026,4988,3255818,988878,12,3931,11826,29780153,64455,19290898,14163588,0,0,57585673,772052,37063500,19654,1208400,826481,18836034,4988,3323168,962360,47,3925,11924,29123847,59627,19757832,14473923,0,0,61204118,701416,38267299,14511
"Bank of the West",4221508,849248,8505629,1788589,524776,262315,13,0,6164,22604656,2710116,9424737,13764034,4,0,23572963,494085,27551236,38458,2156427,737141,9561419,1624116,598135,198623,12,0,6268,22806949,2387237,9636277,13992903,1,0,23603626,489930,26847160,39253,3161972,846636,9709069,1489089,574128,96357,9,0,6281,22754671,2298483,9834223,14486852,2,0,23380120,485620,27221545,38961,3797642,778034,9495117,1202714,525030,0,0,0,6255,23412207,2317537,9951663,14848912,4,0,24054045,484329,28555283,38318,3788858,846543,9546037,1331147,515545,0,0,0,6191,24089357,2656837,10378797,14969928,7,0,24585250,487131,29480460,38808,4064560,731504,10326967,1494485,475974,0,0,0,6538,24399379,2392126,10762432,14956452,5,0,25313910,487803,29971010,41059,5516442,744242,10894459,1506879,456523,0,0,0,6470,25166569,2317123,11123128,15375962,11,0,25495937,490211,32002094,42566,5149786,828635,11750000,2320464,427997,0,0,0,6747,25964707,2263385,11421799,15716547,17,0,25697157,489403,34974514,44048,4946189,835009,11702770,2042210,394860,0,0,0,7039,26474943,2575191,11703857,15745418,25,0,26100092,485363,36115073,43465,5168099,733713,11625798,2006795,380835,0,0,0,6706,26764152,2288985,11789380,15754773,9,0,26358653,477646,36829057,45263
"USAA Federal Savings Bank",6306170,1399165,14540031,6671102,681148,906218,0,0,28390,9096210,0,0,35328149,0,0,45176816,2920192,10286554,906073,9983822,3478629,14370132,6786178,667529,830198,0,0,18833,9019642,0,0,35004838,0,0,47508319,2893243,11051296,893839,8483992,3358737,14159804,6773292,653677,772737,0,0,50998,8712383,0,0,36287300,0,0,46952697,2910935,10755099,894065,8293876,3484201,14297432,6650037,645071,737536,0,0,21633,8585835,0,0,37112971,0,0,46942074,2910010,11114501,922108,8065641,898973,14652228,6570776,639764,715765,0,0,20491,8591278,0,0,38125124,0,0,48142730,2931845,10844164,924503,12291039,4062221,15639363,6271029,628923,608097,0,0,17579,7692468,0,0,37837414,0,0,51338256,2932777,11455220,929056,10830433,4270980,16005826,6242302,617919,554101,0,0,27567,8351618,0,0,38717896,0,0,51322912,2940332,11837734,918957,10675984,852483,16923434,6148773,579765,471190,0,0,29013,8238397,0,0,38851076,0,0,51101372,3036604,12329785,1016500,10236779,1053718,17931821,5929938,555345,379326,0,0,26135,7905140,0,0,39918669,0,0,52286809,3153467,12270108,1057163,14440309,838233,18995854,6032892,541145,272583,0,0,25440,7177379,0,0,39335845,1,0,55018495,3159560,13161772,1035564
"Comerica Bank",6112112,1092454,9735271,526210,22606,112350,4,50296,110026,14016973,48264,28661366,640379,172,67,16430109,521699,41914917,30900,6022474,1230200,9812286,533826,22845,677,3,46247,182311,14000935,48613,28636947,646750,0,12,17137672,510672,41216821,32051,5982364,1190516,9946070,732403,22795,677,3,46987,181166,14039382,66017,28863807,663133,1,19,16651274,499563,42430290,32304,7271127,1174172,10351445,929359,9169,668,3,44044,185309,14321955,62691,27887698,675764,1,24,16218172,490960,43365274,31635,6202538,1216983,12289588,2763164,8942,660,2,0,179486,14609271,90383,27443326,659974,1,96,18864579,478130,41844457,30730,3099951,1075357,12321740,2823456,8781,638,1,0,162058,14955101,67689,27713713,641833,1,27,17215406,465763,40047459,31702,4218694,1281467,12330532,2842887,7501,629,0,0,158062,15313632,72414,27690869,630989,8,27,17373594,460990,39956572,28404,8153448,1405834,12349586,2826230,7427,0,0,0,105163,15502463,50416,26534342,629278,11,28,18695955,452276,41654540,27466,7309747,1347336,12232989,2779267,6902,0,0,0,107438,15536300,50526,26638668,602596,11,30,19084594,440932,41576825,27119,8481921,1339086,12225631,2779487,5129,0,0,0,107397,15623333,55582,26424006,610400,1,2,18852000,430358,41984790,25995
"Bank of China",43667271,842066,17675,17675,502119,262315,0,0,9708,5389290,48264,7476326,9260081,4,0,8814249,2207,10348702,0,54348955,843496,17677,17677,667529,224795,0,0,17813,5362293,48613,7181780,9431607,0,0,7081052,1208,8613247,0,42877253,838950,117672,117672,551282,96357,0,0,9894,6187588,56229,8662937,9185955,1,0,8264075,2041,12995875,0,41933479,619201,111715,111715,645071,20738,0,0,21633,6996556,0,7959548,9929591,0,0,9180120,3718,14780068,0,46539742,838366,89908,89908,485635,660,0,0,20491,8096044,52610,9007147,14966978,0,0,7821683,3163,14789381,0,33905859,146818,440044,440044,87291,18172,0,0,23903,9199233,0,8751747,19394504,0,0,6948412,3201,18301857,0,38938250,288342,480289,480289,49017,629,0,0,48101,9104262,0,8294320,1528490,0,27,6361880,4003,10868172,0,26572845,97254,1081124,1081124,0,25100,0,0,5005,9397640,0,9747051,3384000,0,1577,12685700,6519,10904301,0,33693233,422744,1935274,1935274,0,0,0,0,4830,8500725,0,9884296,4157000,0,1577,13290314,5654,8805270,0,26646558,7451,2649259,2649259,0,34592,0,0,4835,8868687,0,10663003,4550000,1,0,14467276,4217,5463271,0
"Synchrony Bank",7288100,237238,270286,0,57316,0,0,0,44539,528,0,1133313,40810630,0,0,27527332,2514169,6547204,178931,9447054,321492,304122,0,55197,0,0,0,43598,518,0,1131738,39425005,0,0,27539975,1996515,7552388,188931,9703598,370239,638497,299680,53774,0,0,0,45063,509,0,1230859,42323535,0,0,29095342,2179006,9129832,207957,10038721,309184,1082110,750553,50334,0,0,0,46177,499,0,1203025,44838151,0,0,30571935,2326576,10270129,232041,11255843,321976,1063906,746723,48689,0,0,0,46828,927,0,1104742,49500032,0,0,31791168,3009025,13124519,235436,11853776,146818,1071983,749240,48039,0,0,0,47468,917,0,1131201,48411631,0,0,32746013,2591675,12228691,245161,11625670,142846,1207928,751153,49017,0,0,0,48101,469,0,1192929,51100045,0,0,33579282,2661900,13039788,264452,13070887,138258,1709736,900438,48605,0,0,0,50392,459,0,1183362,54169099,0,0,35898168,2874559,14405583,270648,9057005,422744,2843657,1825401,45682,0,0,0,35313,448,0,1143542,59497499,0,0,36864687,3320717,14312663,279671,11035636,189712,2981919,1924035,42864,0,0,0,39115,437,0,1169967,57720905,1,0,35065349,3941156,15540464,284763
"First Republic Bank",817150,277573,3072779,505047,3539877,24277,24277,0,1131,32268207,0,3048231,628573,0,5,9344798,334062,27503631,135070,1644534,327325,3689137,249990,3778875,24746,24746,0,840,33029177,0,3177049,652949,0,0,9656590,337381,29940788,131921,1367879,295985,3531201,0,4211680,22499,22499,0,999,34431585,0,3479088,840780,0,0,9826556,347409,31688781,139419,1795780,264517,3715929,0,4418560,20738,20738,0,1204,35464523,0,3651510,943349,0,0,10128709,378921,33834583,159181,1131110,282361,5602573,149391,4828789,19438,19438,0,679,36449467,0,4091304,964351,0,0,10493009,411969,36937176,187751,1946147,246894,5922771,0,5448782,18172,18172,0,945,37732420,0,3748979,1255837,0,0,10765722,446095,39572432,227520,1564057,288342,5655541,0,5921073,16074,16074,0,673,39469042,0,4157919,1528490,0,0,10813105,450643,39741639,237508,1386967,344954,6371054,111753,6419557,13568,13568,0,927,40813320,0,4907240,1701344,0,0,11255033,465816,43183008,253376,2107722,340158,8015445,111029,7127633,12389,12389,0,1948,42905074,0,4487574,1971270,0,0,11634857,464955,46329065,361481,2756385,321402,8359994,110761,7598980,10714,10714,0,2173,44335870,0,4480970,2175221,1,0,12350357,475264,48471481,254231
"Deutsche Bank Trust Company Americas",23920000,104000,0,0,0,0,0,0,0,5842500,0,2480000,129500,4000,2000,203000,7000,41469000,4000,17803500,137500,0,0,0,0,0,0,0,6033000,0,2723000,141500,300,4000,250000,7000,42191000,5000,14821000,186000,0,0,0,0,0,0,0,6151000,0,3103000,128000,1000,10000,303000,5000,42764000,5000,15066000,132000,0,0,0,0,0,0,0,6555000,0,3165000,129000,1000,18000,304000,7000,42447000,5000,11091000,111000,0,0,0,0,0,0,0,6635000,0,3407000,131000,1000,25000,305000,7000,40392000,8000,20673000,1265000,0,0,0,0,0,0,0,7006000,0,3227000,113000,0,11000,3e+05,8000,39013000,11000,26165000,1264000,0,0,0,0,0,0,0,7214000,0,3189000,124000,0,15000,280000,8000,41742000,4000,27498000,1585000,0,0,0,0,0,0,0,6601000,0,2173000,109000,0,19000,273000,8000,43029000,4000,31848000,1525000,0,0,0,0,0,0,0,6102000,0,1942000,119000,0,21000,266000,7000,41973000,2000,26119000,445000,0,0,0,0,0,0,0,5797000,0,1621000,119000,0,5000,253000,9000,37524000,2000
"UBS Bank USA",6531192,624,4987561,945594,0,184032,0,112154,0,7706719,0,5862309,20391783,0,0,28116347,11229208,4458407,6811,5596841,579,4973719,1052605,0,237905,0,268328,0,7877300,0,6081601,20507354,0,0,28050295,11036877,4621495,9010,2008036,651,4890745,1160606,0,0,0,428169,0,8233842,0,6185808,21573043,0,27,27408257,11043257,4366627,8850,3264993,1070,4687802,1137660,0,0,0,512140,0,8155401,0,6098436,21674252,0,328,28284373,12047286,4586126,9048,4911475,1856,4608756,1226141,0,0,0,515434,0,8407020,0,6141760,22432391,0,790,30532345,11953217,5092319,9394,6808369,979,4897514,1591143,0,0,0,447761,0,8726838,0,6098179,22323402,0,140,31639505,13170693,5328398,7311,4347943,114053,5264573,1933048,0,0,0,399217,0,8984018,0,6246531,22955646,0,1127,31068109,13066688,4921609,1431,7763090,97254,5758677,2428359,0,0,0,398432,5005,9759697,0,6242155,23010275,0,1577,31924268,12749037,5472167,1271,8810918,1751,6194845,2881283,0,0,0,0,4830,10111670,0,5723021,23174288,0,1577,33154094,12642473,5889735,1021,7493104,1996,6693343,3169711,0,0,0,0,4835,10399722,0,5694263,22592023,1,0,32576599,12141900,5696774,1786
"American Express Bank,  FSB.",4404665,5007,75260,0,63758,370649,0,0,23888,0,0,19690851,19983687,0,0,18735328,465972,11434050,0,8019205,4104,70480,0,60229,357657,0,0,24044,0,0,20239434,18649652,0,0,18840668,470906,15223050,0,7824748,5876,64175,0,60396,345225,0,0,23735,0,0,20764852,19398559,0,0,18743975,651361,14332692,0,8454375,4574,62460,0,53411,259871,0,0,23855,0,0,21079821,20694989,0,0,19826005,651925,14764128,0,7571751,5765,73641,0,71107,252741,0,0,23605,0,0,21505212,22570100,0,0,21222794,1366405,15468564,0,10030531,5711,77252,0,87291,236685,0,0,23903,0,0,21758217,19394504,0,0,21653164,1238143,16317625,0,16875705,11764,73879,0,95298,187969,0,0,24010,0,0,20345452,11901478,0,0,21127004,730435,16200552,0,7930450,9510,76033,0,83898,184502,0,0,23927,0,0,20724872,11953615,0,0,20487409,590743,14567385,0,8291729,5655,68741,997,74725,254181,0,0,23260,0,0,21591432,14060885,0,0,20244118,616595,16842316,0,12140458,7451,66938,1000,73861,286240,0,0,23224,0,0,22191220,12778801,0,0,20572547,702060,17449504,0
"New York Community Bank",242366,143704,5873801,0,59624,161812,0,0,138970,32065840,0,594540,12747,0,1808,17636710,983397,8319651,44287,282706,141348,5813224,0,59316,151057,0,0,142257,31883279,0,554883,3207,0,447,17780172,974006,9350697,45358,277978,146495,5716919,0,72780,146876,0,0,139176,32325730,0,589996,3278,0,921,17338567,952119,11524411,45219,281985,147490,5663229,0,78064,146245,0,0,137616,32779917,0,635279,3079,0,1384,17244106,944987,11762126,44428,239768,131976,5240546,0,76111,146246,0,0,139946,34311488,0,636009,3107,0,1923,17037981,909163,11667662,41023,311689,131133,3456076,0,75219,144307,0,0,141873,34716431,0,647659,2904,0,559,17098454,896050,12173149,41042,370655,131094,3229516,0,74601,144395,0,0,143914,35315458,0,708670,2928,0,1277,16843098,884174,11751325,40075,461788,135753,3074726,0,72986,144727,0,0,142804,35770850,0,797239,2864,0,2024,16988679,872193,11583522,41379,258457,130451,3165606,200293,72184,145150,0,0,86425,35325637,0,835134,2835,0,2860,16915884,847577,11191045,41729,684855,128831,3116158,200158,71928,145511,0,0,32218,35074561,0,834026,2484,0,884,17087171,850018,10557194,45613
"Silicon Valley Bank",1680545,380433,20850150,7282176,83942,0,0,0,6122,1834668,2410,8585435,26705,0,25,1219910,0,29763944,0,1044043,360441,21458358,7893817,83278,0,0,0,5122,1940017,1007,8380297,31094,0,6,1259389,0,30790648,0,2267164,334536,22130895,8981705,76554,0,0,0,5123,2097208,1317,8427711,37861,0,15,1340480,0,32377399,0,1433200,382472,23513535,10176686,75635,0,0,0,5123,2208609,2107,8861683,46032,0,23,1463633,0,33653709,0,1356668,466353,25078522,11657902,67587,0,0,0,5124,2313682,1620,9342335,52563,0,39,1467540,0,35675042,0,1540809,299451,22790518,9934016,62218,0,0,0,5125,2423317,359,9371557,53015,0,31,1639737,0,35365865,0,1509812,334198,21179473,8956720,58284,0,0,0,5128,2507997,1241,9643337,68167,0,74,1742154,0,34120131,0,2326161,302621,20379839,8919356,54815,0,0,0,5131,2623544,2269,9458302,69952,0,142,1515268,0,34888608,0,2458720,605304,20939939,8889366,81748,0,0,0,5134,2713225,2567,10051639,62667,0,225,1658027,0,35457908,0,3587775,404404,20837129,8186000,138289,0,0,0,4689,2796393,643,9747282,54157,0,113,1790866,0,37587377,0
"Morgan Stanley Private Bank, National Association",5638000,2000,1749000,2000,0,1165000,0,11000,0,16971000,0,586000,68000,0,0,15183000,6215000,1875000,32000,3241000,2000,4685000,3013000,0,1177000,0,3000,0,18216000,0,544000,68000,0,0,16097000,6413000,2139000,36000,6325000,3000,2583000,1004000,0,1077000,0,1000,0,19689000,0,413000,78000,0,0,16862000,6859000,2549000,61000,8638000,5000,3099000,1617000,0,1072000,0,1000,0,21066000,0,567000,662000,0,0,19386000,9057000,2871000,197000,9429000,2000,4375000,2950000,0,995000,0,1000,0,22321000,0,820000,1354000,0,0,22734000,9004000,4345000,187000,4859000,2000,7006000,4823000,0,996000,0,1000,0,23377000,0,982000,1921000,0,0,22926000,9094000,4394000,186000,3449000,3000,9267000,5832000,0,1162000,0,1000,0,24411000,0,1137000,2620000,0,0,23858000,9977000,5481000,175000,5385000,31000,9506000,6256000,0,1394000,0,0,0,25548000,0,1405000,3384000,0,0,26219000,13077000,5420000,360000,3341000,5000,8624000,6317000,0,1565000,0,0,0,26599000,0,1549000,4157000,0,0,26654000,12812000,5880000,383000,3492000,1000,7399000,5523000,0,1529000,0,0,0,27440000,0,1714000,4550000,0,0,26973000,12199000,5786000,364000
"City National Bank",463198,337664,7827792,116926,1163341,149588,24014,136826,1990,10681424,414,6733554,846046,262,6339,5908425,65716,22474126,6109,775412,434950,7201306,115907,1147014,88644,22810,159120,4,11133168,567,6511202,861360,54,1241,6052023,64501,22723067,7499,1144789,435149,6782668,148308,1150915,71262,21731,333629,0,11476979,576,6796849,961756,111,2375,6086491,62565,23637373,7754,1864595,435214,6933578,390329,1131999,69698,20431,658677,0,11819869,548,7071399,892505,166,3579,6147160,60897,25268961,9018,571479,353892,7401596,498342,1119368,68449,19486,905329,0,12296026,558,7355653,987458,214,4809,6103526,59499,24595175,9820,3751094,452049,8011840,829190,1054598,67082,18370,980981,0,12828636,600,7568393,963334,107,911,9281743,58845,26892589,10234,2136451,463583,9579004,897725,1092349,55797,17306,1132788,0,13350442,674,8056959,1015983,148,1866,10452568,57356,27176124,10970,3023052,456339,11671307,979029,1217203,41737,16497,1106202,0,13899407,616,8089451,1025327,205,2876,11433837,55914,29300145,11187,2598821,369736,12889604,1027258,1287675,40335,15239,59516,0,14425174,534,8424932,1032328,308,3966,11296023,55201,29749000,11983,2524740,416897,12075561,826343,1264364,34592,14674,24491,10045,15262195,418,8594688,910587,246,1096,11544624,54452,29488313,11823
"E*TRADE Bank",1704519,134847,24548285,0,39838,14620,0,0,560504,5922500,0,1150,460530,0,0,13845482,6406665,3377888,511397,1617138,383659,26274127,0,36389,14675,0,0,32920,5635174,0,980,431439,0,0,14383077,6323698,4326429,515305,2312104,197433,26074072,0,35896,14744,0,0,171496,5292445,0,671,399777,0,0,14082845,6510099,4465116,550321,800985,9833,22183273,0,35623,14675,0,0,32798,4912258,0,607,369795,0,0,13666746,6408267,4419029,547719,1654249,25169,25519644,142823,34805,14703,0,0,32435,4622045,0,376,344596,0,0,15888561,6522762,5185455,573192,923577,20112,28890902,293029,34766,14359,0,0,32889,4361722,0,306,320487,0,0,17978424,7667910,4765357,90968,1548271,18237,29529015,311824,34515,14620,0,0,33101,4086355,0,56,295080,0,0,18676571,8293298,4563256,103794,727766,20784,29610886,311459,33408,4833,0,0,32950,3793790,0,0,273410,0,0,17705306,7273081,5279964,97783,1094195,23788,29603685,406636,32266,0,0,0,6954,3518863,0,0,252658,0,0,17571874,7091039,5579214,98854,375294,29027,36917642,280284,31595,3500,0,0,6954,3267254,0,0,233357,0,0,21579791,9118289,5262595,71461
"Citizens Bank of Pennsylvania",1915651,1470253,8102410,0,9939,1449711,1449711,0,0,10180435,0,5413668,1775169,115,13,14419173,722383,11234557,21587,2919319,1807880,7682774,0,9747,1405162,1405162,0,0,10430736,0,5309563,2228901,171,0,14776245,706693,12710666,22200,2568869,2002911,7532808,0,9248,1337659,1337659,0,0,10531425,0,5275018,2618949,441,0,14989988,712095,13147150,21245,1810498,1568593,7815162,0,9252,1277271,1277271,0,0,10591424,0,5450097,2819882,785,0,14682571,716055,13435462,23605,3179758,2810471,7457815,0,8946,1232981,1232981,0,0,10815383,0,5342409,3078281,1312,0,14900626,666039,12774796,24200,3905296,3626237,7339720,0,8842,1193388,1193388,0,0,10554504,0,5611019,3279417,181,0,15254109,627312,13162693,26668,2412538,1911902,8394036,0,8616,1128913,1128913,0,0,10337677,0,5866718,3520825,305,0,15048891,651238,13714769,30066,2223000,1968999,9132805,0,8312,1073980,1073980,0,0,10385242,0,5816777,3526631,535,0,15039506,575680,14047774,30679,3204760,2749500,9039622,0,7606,1005177,1005177,0,0,10285056,0,5987603,3740879,712,63,16315588,665703,13141347,31930,2437538,2082179,8823144,0,6988,972816,972816,0,0,10024188,0,5957976,3824926,202,132,16884457,593034,12724017,29996
"Signature Bank",544989,423755,6995534,11543,5837,1283062,436504,0,38417,14578840,16181,3922903,168616,0,73,3612989,19497,19967351,2428,513614,403982,7125571,5050,332,1262380,442357,0,40424,15878554,0,3614698,156123,0,10,3538522,9396,21450043,1613,470004,321255,7070583,6045,332,1257026,465463,0,40443,17027984,0,3896759,155491,0,20,3533365,8579,21847832,1243,528039,419238,7092724,6561,331,1246498,467367,0,41278,18644588,0,4105245,156052,0,31,3636179,8203,23859510,958,579412,463594,7092574,6510,10167,1187025,429528,0,42520,19931279,0,4205631,170012,0,54,3714504,7566,24035472,1439,565140,452938,7353614,6551,9998,1188722,447046,0,42301,21087148,0,4268678,155681,0,38,3915675,7468,25114883,684,511108,406247,7261290,6572,9654,1125640,420439,0,49140,22550474,0,4517676,170175,0,53,4025796,8275,26446847,971,964377,839228,7147752,6551,9311,1098484,398747,0,51006,23569194,0,4553871,188497,0,67,4191901,9861,28294846,1224,819942,589041,7179589,6518,8619,1099345,387449,0,53032,24695764,0,4644387,199631,0,96,4185087,8833,28863364,1227,1012617,868237,7388155,9524,8264,1110696,398026,0,52280,25611902,0,4431337,192819,0,54,4375473,8945,29589301,1601
"American Express Centurion Bank",12075824,3382,63052,0,37046,564117,0,0,24006,0,0,111596,21364979,0,0,9643234,2958380,707289,0,10181637,2481,58415,0,40562,569539,0,0,24156,0,0,134027,19726181,0,0,9648483,2942476,475401,0,7946472,3754,58311,0,60654,543192,0,0,23845,0,0,136263,20258765,0,0,11709130,2891080,458376,0,5693051,3729,54018,0,56510,420467,0,0,23956,0,0,142953,22802682,0,0,12412478,2879935,495444,0,9134792,2044,49495,0,56213,402816,0,0,23707,0,0,167199,26021364,0,0,15484776,2539684,741566,0,9400329,1710,46794,0,54545,409861,0,0,24002,0,0,154204,24606092,0,0,15118332,2528889,710729,0,11170821,629,44068,0,55899,509625,0,0,24106,0,0,154624,24792189,0,0,14836921,2649858,674014,0,12323233,693,43789,0,49460,509254,0,0,24025,0,0,154237,24761109,0,0,14565177,2441523,476593,0,8861067,821,40382,1002,44913,407156,0,0,23363,0,0,159510,26341975,0,0,13937888,2574518,825441,0,10862033,704,37461,1002,42252,495652,0,0,23324,0,0,159447,21884936,0,0,13911008,2708360,708666,0
"East West Bank",1295628,474623,2117602,873435,250448,183027,53917,39318,20086,13656932,12923,7076793,51844,0,20324,8980538,210900,14040232,7389,2096673,431700,2407278,1172227,191246,141578,51501,64338,27971,13907871,12320,6661030,46277,0,4858,9017434,211610,15207697,7419,2099176,430859,2502551,1200111,206422,152694,61907,80730,31028,14102982,27671,6943400,44955,0,9547,8959673,211501,15435565,7571,2130831,407299,2482433,752605,206825,157422,66537,65279,31717,14567948,24562,7257609,73872,0,13966,9021019,210055,16701813,7307,1661078,462388,3116463,998515,175649,351468,62393,89795,31120,14964581,37544,7471709,80496,0,19831,8995625,207447,17227792,7786,2568374,407139,2567194,516755,159426,508080,59899,90298,31699,15275867,26260,7297365,76934,0,6680,10338136,208437,16983925,7995,1817639,362266,2559741,488560,153903,504601,55975,140355,32002,15323662,52754,7662893,82538,0,14654,10033374,208338,16925833,7622,1988968,359324,2361435,456448,152293,498183,52957,337434,31939,15645532,103011,7547457,89289,0,22492,10188565,205437,17007227,7726,2184665,468680,2520891,720479,147654,386998,11477,383894,30991,16116169,91165,7843556,87876,0,30596,10386167,201917,18018327,7956,2660062,352542,2325999,700860,147069,154665,10729,425868,31076,16788596,68802,8236291,73469,0,9526,10396267,202532,18703974,7780
"BOKF, National Association",2513379,607579,8732247,1005,673832,175200,165956,250,18957,6875676,77091,6120912,399237,4179,11,5903440,417565,16308450,97371,2667480,561305,8916959,1001,655024,169199,160030,250,19421,7297274,70333,6241770,393867,2149,3,6028126,410995,16146257,94485,2674949,570725,8772681,1000,649585,158313,154149,250,18395,7529299,57342,6381636,389920,4602,7,5967965,401473,16085686,94365,2349027,526906,8584570,1003,634862,149844,145681,250,18011,7638085,38330,6305361,398068,7219,11,5868678,391473,15627671,97115,2651968,603152,8831975,995,620992,143282,139118,250,17845,7759880,47420,6626978,418727,9881,15,5947085,377038,16083143,81016,2333387,521862,8685297,1003,595167,137194,133030,250,18199,7933249,40677,6605191,418206,2798,5,5878476,355495,15445662,68801,2442564,561344,8636967,1004,580986,130477,126313,250,18367,8421671,33827,6580398,459864,5166,9,5854205,330543,15989233,89812,2614913,581617,8678335,1002,560145,125767,121603,250,18143,8639868,19355,6376533,389709,9371,20,5796793,322565,16393821,61781,2386717,668129,8486756,999,560123,119700,115535,250,17628,8602221,13537,6255253,432958,13970,29,6067111,313317,17032645,58004,2912963,706093,8270321,999,529339,112792,108626,250,18134,8945154,15441,6465281,441363,0,6,6320777,298009,16965563,54114
